Gender,Age,JobSatisfaction,DistanceFromHome,WorkLifeBalance,OverTime,TotalWorkingYears,PerformanceRating,YearsSinceLastPromotion,MaritalStatus,MonthlyIncome,PercentSalaryHike,Attrition
0,41,4,1,1,1,8,3,0,1,5993,11,1
1,49,2,8,3,0,10,4,1,2,5130,23,0
1,37,3,2,3,1,7,3,0,1,2090,15,1
0,33,3,3,3,1,8,3,3,2,2909,11,0
1,27,2,2,3,0,6,3,2,2,3468,12,0
1,32,4,2,2,0,8,3,3,1,3068,13,0
0,59,1,3,2,1,12,4,0,2,2670,20,0
1,30,3,24,3,0,1,4,0,3,2693,22,0
1,38,3,23,3,0,10,4,1,1,9526,21,0
1,36,3,27,2,0,17,3,7,2,5237,13,0
1,35,2,16,3,0,6,3,0,2,2426,13,0
0,29,3,15,3,1,10,3,0,1,4193,12,0
1,31,3,26,2,0,5,3,4,3,2911,17,0
1,34,4,19,3,0,3,3,1,3,2661,11,0
1,28,3,24,3,1,6,3,0,1,2028,14,1
0,29,1,21,3,0,10,3,8,3,9980,11,0
1,32,2,5,2,1,7,3,0,3,3298,12,0
1,22,4,16,2,1,1,3,0,3,2935,13,0
0,53,4,2,3,0,31,3,3,2,15427,16,0
1,38,4,2,3,1,6,3,1,1,3944,11,0
0,24,3,11,2,0,5,3,1,3,4011,18,0
1,36,1,9,3,0,10,4,0,1,3407,23,1
0,34,2,7,3,0,13,3,2,1,11994,11,0
1,21,4,15,3,0,0,3,0,1,1232,14,0
1,34,1,6,3,0,8,3,1,1,2960,11,1
0,53,3,5,2,0,26,3,4,3,19094,11,0
0,32,1,16,3,1,10,4,6,1,3919,22,1
1,42,2,8,3,0,10,3,4,2,6825,11,0
0,44,4,7,3,0,24,3,5,2,10248,14,0
0,46,1,2,2,0,22,3,2,1,18947,12,0
1,33,4,2,3,0,7,3,0,1,2496,11,0
1,44,4,10,4,1,9,3,1,2,6465,13,0
1,30,3,9,3,0,10,3,1,1,2206,13,0
1,39,4,5,4,0,19,3,0,2,2086,14,1
1,24,4,1,2,1,6,3,2,2,2293,16,1
0,43,3,2,2,0,6,3,1,3,2645,12,0
1,50,3,3,3,1,3,3,0,2,2683,14,1
0,35,4,2,3,0,2,3,2,2,2014,13,0
0,36,1,5,4,1,6,3,0,2,3419,14,0
0,33,1,1,3,0,10,3,1,2,5376,19,0
1,35,4,4,3,0,1,3,0,3,1951,12,0
0,27,1,2,3,0,1,3,0,3,2341,13,0
1,26,3,25,2,0,1,3,0,1,2293,12,1
1,27,3,8,3,0,9,3,1,1,8726,15,0
0,30,4,1,3,0,12,4,3,1,4011,23,0
0,41,3,12,3,0,23,3,15,2,19545,12,1
1,34,3,23,3,0,10,4,8,1,4568,20,0
1,37,2,19,3,0,8,4,0,2,3022,21,0
1,46,4,5,3,1,14,4,0,1,5772,21,0
1,35,4,8,3,0,1,3,0,2,2269,19,0
1,48,3,1,3,1,23,3,0,1,5381,13,1
1,28,3,5,2,1,2,3,2,1,3441,13,1
0,44,1,1,2,1,9,4,1,3,5454,21,0
1,35,1,11,3,1,10,3,2,2,9884,13,0
0,26,4,23,2,1,5,3,0,2,4157,19,0
0,33,4,1,3,1,15,3,8,1,13458,12,0
1,35,1,18,2,0,9,4,1,2,9069,22,0
0,35,1,23,3,1,4,3,2,2,4014,15,0
1,31,4,7,2,0,10,4,1,3,5915,22,0
1,37,3,1,4,0,7,3,0,3,5993,18,0
1,32,4,1,3,1,9,4,7,2,6162,22,0
0,38,4,29,3,0,10,3,9,1,2406,11,0
0,50,3,7,2,1,29,3,13,3,18740,12,0
0,59,1,25,2,0,28,3,7,1,7637,11,0
0,36,3,8,3,0,17,3,12,3,10096,13,0
0,55,3,8,3,1,21,3,0,3,14756,14,0
1,36,2,11,3,0,6,3,0,1,6499,13,0
1,45,1,7,3,0,25,3,0,3,9724,17,0
1,35,1,1,2,0,5,3,1,2,2194,13,0
1,36,3,9,2,1,2,3,0,2,3388,17,1
0,59,3,1,2,0,20,3,1,1,5473,11,0
1,29,2,2,3,0,6,4,0,2,2703,23,0
1,31,2,1,3,0,1,3,1,1,2501,17,0
1,32,2,1,3,0,10,3,0,2,6220,17,0
0,36,4,6,3,0,5,3,0,2,3038,12,0
0,31,4,8,3,0,11,4,1,1,4424,23,0
1,35,1,1,3,0,16,3,2,1,4312,14,0
1,45,1,6,4,1,17,3,0,2,13245,14,0
1,37,3,7,4,0,16,3,0,1,13664,13,0
1,46,2,5,3,1,16,4,0,3,5021,22,0
1,30,4,1,2,1,10,3,3,2,5126,12,0
1,35,3,1,3,0,6,3,0,1,2859,18,0
1,55,4,1,3,0,24,3,1,2,10239,14,0
0,38,4,6,3,1,17,3,1,3,5329,12,0
1,34,2,1,3,0,5,3,1,2,4325,15,0
1,56,4,7,2,0,37,3,0,1,7260,11,0
1,23,1,2,3,0,3,3,0,3,2322,13,0
1,51,4,9,3,0,10,4,0,2,2075,23,0
1,30,4,2,3,0,11,3,10,2,4152,19,0
1,46,4,9,3,0,9,3,4,1,9619,16,1
1,40,2,1,2,0,22,4,11,2,13503,22,0
1,51,4,21,1,1,11,4,1,1,5441,22,0
0,30,2,4,2,1,11,3,2,3,5209,12,0
1,46,1,1,2,1,21,3,9,2,10673,13,0
1,32,3,6,3,0,12,3,5,1,5010,16,0
0,54,3,2,1,0,16,3,0,2,13549,12,0
0,24,3,3,2,0,4,4,0,2,4999,21,0
1,28,3,4,4,0,5,3,0,2,4221,15,0
1,58,3,10,2,0,38,3,1,1,13872,13,0
1,44,2,23,4,0,17,3,1,2,2042,12,0
1,37,1,6,3,1,7,4,0,3,2073,22,1
1,32,1,1,3,0,1,3,0,1,2956,13,0
0,20,4,6,3,1,1,3,1,1,2926,18,1
0,34,3,6,3,0,16,3,2,1,4809,14,0
1,37,4,2,4,0,17,3,0,3,5163,14,0
0,59,4,2,3,0,30,4,2,2,18844,21,0
0,50,2,1,2,1,28,3,0,2,18172,19,0
1,25,3,5,3,1,6,3,0,1,5744,11,1
1,25,4,7,3,0,2,3,2,2,2889,11,0
0,22,4,15,3,0,1,3,0,1,2871,15,0
0,51,1,1,2,0,23,4,12,1,7484,20,0
1,34,3,7,3,1,9,4,0,1,6074,24,1
0,54,4,26,3,1,23,3,4,1,17328,12,0
1,24,3,18,3,0,6,3,1,2,2774,12,0
0,34,2,6,3,0,12,3,0,3,4505,15,0
1,37,4,3,3,0,12,3,1,1,7428,12,0
0,34,1,5,3,0,14,3,5,1,11631,12,0
0,36,4,11,3,0,10,3,2,2,9738,14,0
0,36,4,3,3,0,7,4,0,3,2835,22,0
1,43,4,26,4,1,25,3,4,2,16959,12,0
1,30,3,23,2,0,10,4,0,3,2613,25,0
1,33,2,22,4,0,8,3,0,2,6146,13,0
0,56,2,14,3,1,7,3,4,2,4963,18,1
1,51,3,6,3,0,23,3,15,1,19537,13,0
1,31,3,6,2,1,12,3,7,2,6172,18,1
0,26,2,6,2,0,5,3,4,2,2368,19,0
0,58,4,23,2,0,40,3,15,2,10312,12,1
1,19,3,22,2,1,0,3,0,1,1675,19,1
1,22,4,2,3,0,3,3,2,2,2523,14,0
0,49,1,20,2,0,16,3,5,2,6567,14,0
0,43,3,28,3,0,18,3,1,1,4739,12,0
0,50,4,12,3,0,16,3,2,1,9208,11,0
0,31,3,20,3,1,4,3,2,2,4559,11,1
1,41,3,9,3,1,12,3,0,3,8189,13,0
0,26,3,25,3,0,8,4,5,2,2942,23,0
1,36,2,6,3,0,7,4,0,3,4941,20,0
1,51,4,8,3,0,18,3,0,1,10650,15,1
0,39,3,4,4,0,17,3,5,2,5902,14,0
1,25,3,28,3,0,6,3,2,2,8639,18,0
1,30,4,9,1,1,12,3,4,2,6347,19,0
0,32,1,9,4,0,10,4,0,1,4200,22,1
1,45,4,29,2,0,9,3,0,1,3452,13,0
0,38,3,3,3,1,19,4,2,1,4317,20,0
0,30,3,18,2,0,5,3,0,1,2632,14,0
1,32,4,9,4,0,9,3,0,3,4668,17,0
0,30,1,5,3,0,8,3,2,3,3204,14,0
1,30,4,2,3,0,6,3,1,1,2720,13,0
1,41,1,10,2,0,21,3,7,3,17181,13,0
1,41,1,9,3,0,7,4,1,2,2238,21,0
0,19,2,3,3,0,1,3,0,1,1483,14,0
0,40,2,26,3,0,20,3,2,3,5605,11,0
1,35,2,1,3,0,10,3,0,2,7295,13,0
1,53,3,6,1,1,13,4,4,2,2306,20,0
1,45,2,9,1,0,20,3,0,3,2348,18,0
0,32,4,8,3,0,9,3,3,1,8998,14,0
1,29,3,1,3,0,10,3,0,2,4319,13,0
1,51,3,7,3,0,10,3,0,2,6132,17,0
0,58,2,9,2,1,9,4,0,2,3346,20,0
1,40,4,4,2,0,15,3,2,2,10855,11,0
0,34,3,2,3,0,6,3,1,2,2231,18,0
1,22,4,19,3,0,2,4,2,2,2323,24,0
1,27,2,9,1,0,6,3,2,3,2024,18,0
1,28,4,21,1,0,5,3,0,2,2713,11,0
1,57,4,24,1,1,12,3,1,3,9439,16,0
1,27,3,3,2,1,1,3,0,3,2566,15,0
0,50,2,11,3,0,21,3,4,1,19926,15,0
1,41,3,14,3,0,13,3,1,3,2451,12,0
0,30,4,5,3,0,12,3,7,2,9419,12,0
0,38,4,1,4,0,12,4,0,1,8686,22,0
1,32,3,6,3,0,8,4,1,1,3038,20,0
1,27,2,17,2,1,6,3,1,2,3058,16,0
0,19,1,1,4,0,1,4,0,1,2325,21,1
1,36,2,3,2,0,13,3,7,1,2088,12,0
1,30,1,9,3,0,12,3,6,3,3072,11,0
0,45,1,4,4,1,9,3,0,3,5006,11,0
0,56,1,8,3,1,19,3,2,3,4257,18,0
1,33,4,2,4,0,4,3,0,1,2500,14,0
1,19,4,2,2,0,1,4,1,1,1102,22,1
0,46,1,1,3,0,24,4,15,3,10453,25,0
0,38,4,9,3,0,2,3,2,1,2288,12,0
0,31,4,12,3,1,7,4,0,2,3929,23,0
0,34,2,27,3,0,9,3,1,1,2311,15,0
0,41,2,20,2,1,4,4,0,1,3140,22,1
1,50,3,1,2,0,5,3,0,2,3690,15,0
0,53,1,13,3,0,5,3,1,3,4450,11,0
0,33,2,14,3,0,8,3,1,2,2756,13,0
0,40,3,4,3,0,21,3,9,2,19033,14,0
1,55,2,14,3,0,36,3,2,1,18722,11,0
1,34,3,2,2,0,10,3,1,2,9547,17,0
0,51,2,3,3,0,21,3,1,1,13734,18,0
1,52,3,1,3,0,34,3,11,2,19999,14,0
0,27,2,9,2,0,7,3,0,1,2279,16,0
1,35,3,23,3,1,8,3,0,2,5916,13,1
1,43,4,7,4,0,7,3,2,3,2089,14,0
1,45,4,2,3,0,22,4,11,2,16792,23,0
1,37,1,21,2,1,8,3,1,2,3564,12,0
0,35,2,2,3,0,10,3,1,1,4425,11,0
0,42,3,21,3,0,11,3,0,3,5265,16,0
1,38,3,2,3,0,14,3,0,2,6553,14,0
1,38,4,29,1,0,9,3,1,2,6261,18,0
1,27,1,1,3,0,6,3,2,2,4298,19,0
1,49,4,18,3,1,7,3,1,3,6804,15,0
1,34,3,10,4,1,5,3,2,3,3815,17,0
1,40,4,19,4,1,15,3,3,2,2741,15,0
1,38,1,29,3,1,17,3,0,2,6673,19,1
0,29,4,27,2,0,10,4,1,2,7639,22,1
1,22,2,5,2,1,4,3,2,3,2328,16,0
0,36,4,18,3,0,8,3,1,1,2153,13,0
1,40,4,9,1,0,5,3,0,2,4876,14,0
1,46,1,1,3,0,17,3,0,3,9396,16,0
1,32,4,4,2,0,14,3,9,2,10400,11,1
1,30,3,1,3,0,12,4,5,1,8474,22,0
0,27,3,20,3,0,7,3,0,1,9981,14,0
1,51,2,8,1,0,16,3,4,2,12490,16,0
0,30,1,3,3,1,8,3,0,1,2657,11,1
0,41,4,6,3,1,16,3,0,1,13591,18,0
0,30,1,26,2,0,9,3,0,1,6696,15,1
1,29,3,1,2,0,7,3,1,1,2058,14,1
0,45,4,6,3,0,23,3,12,1,8865,12,0
0,54,1,3,3,0,16,3,0,2,5940,14,0
1,36,2,5,4,0,16,3,3,1,5914,16,0
0,33,2,4,3,0,7,4,1,2,2622,21,0
1,37,4,11,3,1,10,3,0,3,12185,14,0
1,38,3,3,2,0,17,3,5,3,10609,12,0
1,31,3,1,3,0,6,3,1,2,4345,12,0
1,59,4,3,3,0,7,3,0,2,2177,17,0
1,37,4,4,3,0,13,3,5,3,2793,17,0
0,29,4,1,3,0,11,3,4,2,7918,14,0
0,35,3,1,4,0,10,3,0,1,8789,14,0
1,29,4,18,2,1,4,3,0,1,2389,13,1
0,52,4,2,2,0,6,3,2,1,3212,15,0
1,42,4,4,3,0,22,3,11,2,19232,11,0
1,59,3,6,2,0,7,3,2,2,2267,17,0
0,50,4,1,2,0,32,3,0,3,19517,11,0
1,33,4,14,1,1,8,3,0,2,2436,13,1
0,43,4,16,3,1,22,4,1,2,16064,22,0
0,33,1,2,4,0,13,4,1,2,2707,20,1
1,52,3,2,4,1,33,3,15,1,19068,18,0
0,32,2,4,3,0,6,3,1,2,3931,11,0
1,32,3,1,1,1,4,3,1,1,3730,14,1
0,39,3,1,3,0,7,3,1,3,2232,14,0
1,32,4,26,3,0,4,3,2,2,4465,18,0
1,41,1,19,2,0,17,3,0,3,3072,16,0
1,40,4,24,3,0,9,3,4,3,3319,17,0
1,45,4,1,3,0,25,3,1,2,19202,11,0
1,31,3,3,3,0,9,3,2,3,13675,12,0
0,33,4,5,2,0,2,3,0,2,2911,13,0
1,34,1,2,3,0,13,3,5,2,5957,13,0
0,37,1,1,2,0,17,3,0,2,3920,14,0
1,45,3,7,3,0,9,3,0,2,6434,17,0
1,37,3,10,3,0,17,3,0,3,10048,11,1
0,39,3,2,3,0,20,4,11,1,10938,25,0
1,29,4,15,3,0,6,3,1,1,2340,19,0
0,42,1,17,3,1,10,3,0,1,6545,13,0
1,29,4,20,3,0,10,3,0,3,6931,14,0
0,25,3,1,3,0,5,3,1,2,4898,12,0
0,42,1,2,3,1,10,3,7,3,2593,11,0
1,40,3,2,3,0,22,3,3,3,19436,19,0
1,51,4,1,2,0,1,3,0,2,2723,11,0
1,31,2,29,4,0,6,3,1,1,3479,11,1
1,32,2,7,1,0,5,4,0,2,2794,20,0
1,38,4,2,3,0,13,3,7,2,5249,18,0
1,32,1,2,3,0,9,3,0,1,2176,13,0
0,46,2,2,2,1,28,3,7,2,16872,12,0
1,28,3,2,1,0,5,3,0,1,3485,11,1
1,29,2,2,3,0,10,3,0,2,6644,19,0
1,31,4,23,3,0,10,4,7,2,5582,21,0
1,25,1,5,3,0,6,3,1,3,4000,12,0
1,45,4,20,3,1,21,3,4,2,13496,14,0
1,36,4,6,3,0,16,3,10,2,3210,11,0
1,55,1,1,3,1,37,3,4,1,19045,14,0
1,47,2,29,2,1,10,3,9,2,11849,12,1
1,28,4,9,2,0,5,4,0,2,2070,23,0
1,37,4,6,4,0,7,3,0,2,6502,14,0
1,21,3,3,4,0,3,3,1,1,3230,17,0
0,37,4,1,3,1,15,3,0,3,13603,18,0
0,35,2,22,2,0,10,3,6,3,11996,18,0
0,38,1,7,3,1,8,4,7,3,5605,24,0
0,26,2,1,1,0,6,4,1,3,6397,20,0
1,50,2,4,2,0,28,3,1,3,19144,14,0
1,53,3,3,2,1,21,3,1,2,17584,16,0
1,42,3,1,3,0,20,4,11,2,4907,25,0
1,29,4,2,2,0,10,3,0,1,4554,18,0
1,55,4,20,3,1,12,3,0,2,5415,19,0
1,26,1,11,3,1,5,3,3,2,4741,13,0
0,37,4,1,3,0,17,3,5,1,2115,12,0
1,44,3,24,1,1,19,4,0,3,3161,22,1
1,38,4,23,3,0,10,3,1,3,5745,14,0
1,26,2,16,3,1,5,3,0,3,2373,13,1
0,28,4,8,3,0,5,4,0,1,3310,21,0
0,49,1,10,3,1,22,3,1,1,18665,11,0
1,36,2,3,3,0,10,3,7,1,4485,12,0
0,31,2,5,2,0,2,3,2,3,2789,11,0
1,26,4,4,3,1,8,3,7,1,5828,12,1
1,37,4,9,2,1,4,3,1,2,2326,12,0
0,42,2,26,4,0,23,3,4,2,13525,14,0
1,18,3,3,3,0,0,3,0,1,1420,13,1
1,35,2,16,2,0,12,3,6,2,8020,15,0
1,36,4,18,3,0,4,3,0,2,3688,18,0
1,51,2,2,3,0,13,3,1,3,5482,18,0
1,41,2,2,3,0,22,3,0,1,16015,19,0
0,18,3,10,3,0,0,3,0,1,1200,12,0
1,28,1,16,3,0,9,3,0,1,5661,19,0
1,31,4,7,2,0,10,3,7,2,6929,11,0
1,39,4,1,2,0,19,3,3,3,9613,17,0
0,36,2,24,3,0,11,3,0,2,5674,15,0
1,32,3,7,2,0,13,3,4,2,5484,14,0
0,38,2,25,3,0,19,3,0,2,12061,17,0
1,58,3,1,3,1,12,3,1,3,5660,13,0
1,31,4,5,3,1,6,3,0,2,4821,12,0
1,31,1,2,3,0,9,3,1,2,6410,12,0
1,45,1,7,3,0,24,3,9,3,5210,18,0
1,31,4,2,1,1,3,3,2,3,2695,18,0
0,33,2,5,3,0,12,3,8,2,11878,11,0
1,39,1,10,3,1,21,3,11,2,17068,14,0
0,43,4,10,3,0,9,3,1,1,2455,19,0
0,49,3,1,3,1,25,3,0,1,13964,12,0
1,52,2,8,2,0,11,3,7,2,4941,15,1
0,27,2,5,2,1,4,3,1,1,2478,12,0
0,32,2,8,3,1,13,3,11,2,5228,11,0
1,27,3,2,3,1,5,3,0,1,4478,11,0
1,31,4,7,3,0,13,3,1,3,7547,12,0
0,32,4,2,2,0,10,3,0,1,5055,16,0
1,28,4,2,2,1,5,3,2,2,3464,13,1
0,30,4,28,3,0,11,3,1,2,5775,13,0
0,31,3,7,3,0,10,4,8,2,8943,24,0
1,39,4,7,3,0,21,3,13,2,19272,15,0
0,39,3,3,2,1,12,3,0,2,5238,18,1
1,33,4,10,2,0,9,3,0,1,4682,14,0
1,47,3,5,3,0,21,3,1,2,18300,11,0
0,43,3,10,4,0,9,3,0,3,5257,11,0
1,27,2,1,3,1,6,3,1,2,6349,13,0
0,54,3,20,2,0,20,3,0,1,4869,12,0
0,43,1,7,2,0,10,3,0,2,9985,16,0
1,45,4,8,3,0,12,3,9,2,3697,14,0
1,40,4,1,2,1,6,4,0,2,7457,22,0
1,29,1,8,2,1,7,3,0,2,2119,11,1
1,29,4,9,3,0,4,3,2,1,3983,17,0
0,30,3,5,3,0,10,3,1,3,6118,13,0
0,27,2,8,3,0,8,3,0,2,6214,18,0
1,37,4,5,2,0,8,3,0,3,6347,16,0
1,38,4,15,3,1,12,3,2,3,11510,14,0
0,31,4,7,2,1,11,3,4,1,7143,14,0
0,29,2,10,3,1,7,3,1,3,8268,14,0
1,35,2,5,3,0,17,3,0,1,8095,13,0
1,23,4,26,2,0,4,3,0,3,2904,12,0
1,41,2,6,3,1,8,3,1,1,6032,15,0
1,47,3,4,3,0,5,3,0,1,2976,19,0
0,42,4,23,3,0,16,3,0,1,15992,14,0
1,29,3,2,2,0,4,3,0,2,4649,14,0
1,42,3,2,3,1,4,3,1,3,2696,11,0
0,32,2,2,3,0,8,3,0,2,2370,13,0
0,48,3,29,1,0,15,4,0,2,12504,21,0
1,37,1,6,3,1,13,3,6,3,5974,13,0
0,30,3,25,4,1,4,3,2,2,4736,12,0
1,26,3,1,3,0,8,3,7,2,5296,17,0
1,42,4,2,3,0,14,4,0,1,6781,23,0
0,21,2,1,3,1,3,3,1,1,2174,11,1
0,36,4,1,3,0,7,3,0,1,6653,15,0
1,36,4,3,3,0,16,3,1,2,9699,11,0
1,57,3,1,3,0,15,3,1,2,6755,11,0
0,40,3,10,3,1,10,3,1,2,2213,13,0
1,21,4,9,2,0,3,4,2,1,2610,24,0
0,33,3,5,3,1,1,3,0,1,2851,13,1
0,37,1,10,3,0,17,4,0,2,3452,20,0
0,46,3,7,4,0,7,3,0,2,5258,14,0
1,41,2,4,3,0,8,3,7,1,9355,18,1
1,50,4,10,3,0,20,3,1,1,10496,15,0
1,40,3,22,3,1,8,3,1,2,6380,12,1
1,31,2,9,3,1,3,3,2,1,2657,16,0
0,21,2,12,3,0,1,3,0,1,2716,15,1
1,29,4,23,3,0,6,3,1,1,2201,16,0
1,35,2,9,3,0,10,3,0,1,6540,19,0
1,27,2,1,3,0,5,3,0,3,3816,11,0
1,28,4,9,3,0,7,3,0,1,5253,16,0
1,49,3,7,3,0,26,4,0,1,10965,24,0
0,51,4,14,2,0,18,3,0,2,4936,11,0
0,36,3,2,3,0,6,3,2,2,2543,13,0
1,34,4,19,2,1,9,3,0,1,5304,13,1
0,55,4,2,3,1,30,3,1,1,16659,13,0
0,24,3,10,4,1,5,3,0,3,4260,12,0
1,30,2,2,3,0,1,3,0,2,2476,18,0
1,26,1,3,3,0,7,4,0,1,3102,22,1
0,22,2,11,3,0,2,3,1,2,2244,13,0
1,36,3,2,3,0,10,3,9,2,7596,13,0
1,30,4,4,3,1,3,4,0,1,2285,23,1
0,37,1,14,2,0,18,3,12,3,3034,12,0
0,40,2,2,3,0,8,3,1,3,5715,12,0
0,42,1,1,3,0,8,3,1,3,2576,16,0
1,37,2,10,2,1,18,3,0,1,4197,12,0
1,43,2,12,3,0,25,3,3,3,14336,11,0
0,40,3,2,3,0,20,4,0,2,3448,22,0
1,54,1,5,2,0,24,3,1,2,19406,11,0
0,34,3,4,3,0,6,3,1,2,6538,15,0
0,31,1,7,1,0,13,3,3,2,4306,12,0
1,43,4,21,3,0,8,4,1,2,2258,20,0
0,43,3,8,3,1,8,3,0,3,4522,14,0
0,25,4,4,3,1,5,3,1,1,4487,11,0
0,37,3,25,3,1,15,3,10,2,4449,15,0
1,31,1,1,3,0,4,3,3,2,2218,12,0
1,39,3,1,3,1,21,3,1,3,19197,14,0
0,56,1,6,2,0,36,3,7,2,13212,11,0
0,30,3,12,3,0,6,3,4,1,6577,11,0
1,41,1,1,3,0,10,3,0,2,8392,16,0
1,28,1,17,3,0,10,3,1,3,4558,12,0
1,25,1,3,3,0,6,3,0,2,4031,13,1
1,52,3,3,3,1,28,3,0,2,7969,14,0
1,45,4,10,2,0,8,4,0,2,2654,21,0
0,52,4,4,1,0,31,3,1,2,16555,13,0
0,42,3,29,3,0,19,3,0,3,4556,11,0
0,30,4,2,3,0,11,4,0,1,6091,20,0
0,60,1,7,1,0,33,3,11,2,19566,11,0
0,46,3,18,2,0,19,3,0,3,4810,14,0
0,42,4,28,4,0,7,3,0,2,4523,11,0
0,24,2,1,3,1,6,3,1,1,3202,16,1
0,34,3,6,2,0,3,3,1,3,2351,16,1
1,38,4,2,3,1,1,4,0,2,1702,23,0
0,40,3,2,3,0,21,3,1,2,18041,14,0
0,26,4,23,1,0,3,4,0,3,2886,22,0
1,30,4,3,1,0,9,3,1,2,2097,15,0
1,29,3,3,3,0,10,3,0,2,11935,18,0
0,29,2,25,4,0,6,3,1,2,2546,16,1
1,19,4,2,4,0,1,3,0,1,2564,12,1
0,30,1,22,3,0,10,3,7,2,8412,11,0
1,57,4,29,2,0,32,3,0,3,14118,12,0
1,50,3,29,3,0,28,3,15,2,17046,15,0
0,30,4,2,2,0,12,3,6,1,2564,14,0
0,60,1,28,4,0,22,3,13,2,10266,19,0
0,47,4,2,3,0,20,3,0,3,5070,13,0
1,46,3,2,1,0,26,3,0,2,17861,13,0
1,35,3,22,3,0,6,3,4,1,4230,15,0
0,54,3,8,3,0,19,3,0,1,3780,11,0
1,34,3,2,3,0,14,3,5,3,2768,12,0
0,46,4,10,3,1,15,3,1,2,9071,19,0
1,31,2,9,4,0,13,4,0,3,10648,25,0
1,33,3,15,4,1,15,3,7,2,13610,12,1
1,33,4,10,3,0,8,3,1,3,3408,13,1
1,30,2,7,3,0,4,3,1,1,2983,14,0
1,35,3,16,3,1,10,3,0,2,7632,12,0
1,31,3,20,3,0,12,3,0,2,9824,12,1
0,34,1,23,3,1,11,3,0,3,9950,15,1
1,42,3,5,3,0,8,3,2,2,2093,17,0
1,36,4,10,2,0,10,3,9,1,9980,14,0
1,22,3,4,3,0,4,3,1,1,3894,16,1
0,48,4,2,3,0,14,3,6,2,4051,14,0
0,55,2,18,3,0,37,4,7,1,16835,23,0
1,41,4,10,3,0,16,3,1,1,6230,14,0
1,35,3,1,3,0,15,3,6,2,4717,11,0
0,40,3,6,3,0,22,3,5,1,13237,15,0
0,39,3,8,3,0,8,3,0,2,3755,11,0
1,31,4,2,4,1,10,3,0,1,6582,13,0
1,42,1,24,2,1,10,4,5,2,7406,21,0
1,45,2,2,4,0,9,3,3,2,4805,19,0
0,26,3,17,2,1,8,3,1,3,2741,11,1
1,29,4,19,4,0,8,3,1,3,4262,12,0
0,33,3,1,3,0,10,3,0,3,16184,19,0
1,31,4,7,2,0,10,4,0,3,11557,21,0
1,18,2,5,3,1,0,3,0,1,1878,14,1
1,40,1,28,3,0,20,3,0,3,10932,15,0
0,41,3,2,3,1,10,3,0,1,6811,17,0
1,26,3,29,3,0,8,3,0,3,4306,12,0
0,35,3,1,3,0,5,3,0,1,4859,16,0
1,34,4,21,3,0,10,3,5,1,5337,12,0
1,26,4,24,1,1,1,3,0,1,2340,18,1
0,37,4,1,4,0,12,3,1,1,7491,17,0
0,46,3,18,2,0,28,3,1,2,10527,11,0
0,41,1,2,3,0,22,3,11,2,16595,16,0
1,37,2,9,3,0,9,3,7,3,8834,13,0
1,52,1,6,3,1,18,3,6,3,5577,12,0
1,32,3,11,3,0,6,3,1,2,4707,12,1
1,24,4,24,3,0,3,3,2,2,2400,13,0
0,38,3,10,3,0,18,3,0,2,9824,19,0
0,37,2,1,2,0,8,3,4,2,6447,12,0
1,49,3,18,3,1,31,3,0,3,19502,17,0
1,24,4,23,3,1,6,3,1,2,2725,11,0
1,26,2,28,4,0,6,4,1,2,6272,20,0
1,24,2,17,3,0,1,4,0,2,2127,21,0
1,50,2,3,3,0,32,3,10,2,18200,11,0
1,25,3,13,3,0,7,3,0,2,2096,11,0
0,24,3,7,3,1,6,3,1,2,2886,16,1
1,30,1,12,4,0,1,3,0,2,2033,18,1
1,34,4,1,3,1,6,3,1,2,3622,13,0
1,31,1,13,1,0,9,3,1,3,4233,17,1
1,35,4,25,3,0,9,3,0,1,3681,14,0
1,31,4,6,4,0,13,4,5,3,5460,22,0
0,27,3,6,2,0,6,3,0,3,2187,12,0
1,37,3,2,2,1,17,3,1,2,9602,11,0
0,20,2,1,4,0,1,3,0,1,2836,13,0
0,42,4,2,3,0,10,3,2,2,4089,13,0
1,43,4,6,2,1,21,3,0,3,16627,14,0
0,38,1,1,2,0,8,3,0,1,2619,17,0
1,43,3,9,3,1,10,3,4,3,5679,13,0
0,48,1,1,1,0,21,3,0,2,15402,11,0
0,44,3,1,4,0,10,3,0,1,5985,11,0
0,34,3,14,3,1,8,3,0,3,2579,18,0
1,27,1,2,3,0,5,3,0,3,3041,11,1
1,21,3,22,3,0,3,3,1,1,3447,11,0
1,44,4,3,4,1,26,3,0,2,19513,12,0
1,22,3,6,3,0,3,4,2,2,2773,20,0
1,33,3,8,3,0,6,3,1,3,7104,12,0
0,32,4,9,2,1,6,3,0,2,6322,12,0
0,30,3,3,3,0,1,4,0,3,2083,20,0
0,53,1,1,4,0,18,4,8,1,8381,20,0
1,34,4,1,2,0,10,3,8,2,2691,12,0
0,45,1,26,3,0,5,3,0,2,4286,14,1
0,26,4,6,3,1,3,3,0,2,2659,13,0
1,37,3,3,3,0,10,3,7,2,9434,15,0
0,29,3,3,2,0,6,3,1,2,5561,14,0
1,35,4,6,3,0,17,3,11,1,6646,13,0
1,33,4,6,1,0,15,4,4,3,7725,23,0
1,54,2,19,4,0,16,3,7,2,10725,15,0
1,36,2,9,3,1,13,3,0,3,8847,11,0
1,27,4,3,3,0,5,3,1,1,2045,13,0
1,20,3,10,3,1,1,3,1,1,1009,11,1
1,33,1,3,3,1,10,3,9,1,3348,11,1
1,35,3,3,3,0,1,3,0,2,1281,18,0
1,23,1,4,4,0,5,3,0,2,2819,16,0
1,25,2,8,3,0,4,4,1,2,4851,22,0
0,38,4,7,3,0,8,4,0,1,4028,20,0
1,29,4,1,3,0,10,3,2,3,2720,18,0
1,48,2,2,3,0,12,3,2,2,8120,12,0
0,27,4,3,3,1,6,4,0,3,4647,20,0
1,37,4,10,3,0,4,3,0,1,4680,17,0
1,50,3,28,3,1,20,3,3,2,3221,11,0
0,34,2,9,4,0,9,3,7,1,8621,14,0
0,24,3,3,3,0,4,3,2,1,4577,14,1
0,39,3,2,3,0,20,3,11,1,4553,11,0
1,32,4,10,2,0,10,3,0,1,5396,12,0
1,50,3,8,3,1,18,3,1,2,6796,14,1
0,38,4,1,2,0,10,3,1,1,7625,13,0
0,27,1,1,3,0,9,3,0,2,7412,11,0
0,32,4,3,3,0,10,3,7,1,11159,15,0
1,47,1,14,3,0,20,3,1,1,4960,12,0
1,40,1,5,3,1,20,4,1,2,10475,21,0
1,53,3,7,3,0,32,3,1,2,14814,19,0
1,41,4,10,2,0,23,3,12,3,19141,15,0
1,60,1,16,3,0,10,3,2,1,5405,14,0
1,27,1,10,2,0,9,4,1,3,8793,21,0
1,41,3,1,3,0,22,3,2,2,19189,12,0
1,50,2,8,3,0,4,3,2,2,3875,15,0
0,28,2,1,3,1,10,3,3,1,2216,13,1
0,36,1,8,3,0,10,3,0,2,11713,14,0
0,38,3,1,4,1,10,3,0,1,7861,14,0
1,44,3,24,3,0,9,3,1,1,3708,14,0
0,47,3,3,2,1,28,3,11,3,13770,12,0
1,30,4,27,2,0,10,4,7,3,5304,23,0
1,29,3,10,3,0,1,3,0,1,2642,11,0
1,42,3,19,3,1,7,3,2,3,2759,12,1
1,43,4,15,3,0,7,3,2,2,6804,18,0
0,34,3,8,3,0,10,3,4,1,6142,11,0
1,23,1,9,4,0,5,3,0,2,2500,14,0
0,39,2,3,1,0,12,3,3,2,6389,15,0
1,56,4,9,2,0,30,3,1,2,11103,11,0
0,40,4,2,2,1,5,4,2,1,2342,20,0
0,27,1,7,1,0,9,3,0,1,6811,19,0
1,29,2,10,3,0,2,3,2,3,2297,14,0
1,53,4,6,3,0,19,3,2,1,2450,17,0
0,35,1,2,4,0,16,3,0,3,5093,11,0
1,32,4,24,3,0,10,3,4,2,5309,15,0
1,38,3,2,1,1,6,3,0,2,3057,13,0
0,34,1,8,3,0,7,3,0,3,5121,14,0
1,52,1,3,4,0,34,3,1,2,16856,11,0
1,33,4,1,2,1,10,3,7,1,2686,13,1
0,25,4,26,2,0,6,4,1,1,6180,23,0
1,45,3,2,3,0,9,3,3,1,6632,13,0
1,23,3,10,3,0,2,3,0,1,3505,18,0
0,47,3,27,3,1,8,3,1,1,6397,12,1
1,34,4,2,3,0,6,4,1,1,6274,22,0
1,55,1,2,3,1,24,3,1,2,19859,13,1
1,36,1,8,3,0,10,3,0,1,7587,15,0
1,52,4,19,3,0,5,3,1,2,4258,18,0
0,26,4,1,3,0,5,3,2,3,4364,14,0
0,29,3,27,2,0,11,3,1,2,4335,12,0
1,26,1,8,2,0,6,3,1,1,5326,17,1
0,34,4,1,3,0,10,3,1,1,3280,16,0
0,54,1,19,3,1,9,3,1,3,5485,11,0
1,27,4,8,3,0,5,3,1,2,4342,19,0
0,37,1,10,2,1,6,3,4,3,2782,13,0
0,38,1,2,3,1,17,3,4,1,5980,12,0
0,34,1,2,3,0,6,3,1,1,4381,11,0
0,35,4,8,2,0,3,3,0,2,2572,16,0
1,30,3,1,3,0,7,4,0,2,3833,21,0
0,40,2,2,3,0,8,4,3,2,4244,24,0
0,34,1,8,3,0,6,3,1,2,6500,17,0
1,42,4,8,2,0,24,3,14,3,18430,13,0
1,23,1,6,3,1,1,4,0,2,1601,21,1
1,24,2,9,3,0,1,3,0,3,2694,11,0
0,52,3,11,3,0,9,4,1,2,3149,20,0
1,50,3,2,3,0,30,3,0,2,17639,16,0
0,29,1,1,3,1,1,3,0,2,2319,11,1
1,33,3,7,4,0,14,3,3,2,11691,11,0
0,33,1,16,3,0,6,3,0,1,5324,15,1
0,47,4,2,2,1,26,3,3,2,16752,11,0
0,36,2,1,3,0,10,3,0,2,5228,15,0
1,29,3,23,3,0,10,4,0,2,2700,24,0
1,58,2,2,3,1,40,3,13,1,19246,12,1
0,35,3,1,3,0,7,3,2,1,2506,13,0
0,42,4,1,3,1,8,3,0,2,6062,13,0
1,28,3,2,2,0,5,3,2,1,4382,17,1
1,36,2,13,3,0,8,3,0,2,2143,13,0
0,32,3,4,3,0,14,3,6,2,6162,12,0
1,40,3,16,3,0,10,3,0,1,5094,14,0
0,30,4,2,2,1,12,4,0,1,6877,24,0
0,45,3,2,3,0,1,3,0,1,2274,14,0
1,42,2,29,2,0,10,3,7,2,4434,13,0
1,38,1,12,2,0,13,3,1,3,6288,15,0
0,34,4,16,3,0,6,3,1,1,2553,16,0
0,49,4,11,4,0,9,3,7,2,7654,18,1
1,55,4,2,2,0,12,3,7,1,5160,16,1
1,43,1,14,3,0,22,4,1,2,17159,24,0
1,27,4,5,3,1,9,3,0,3,12808,16,0
1,35,3,7,4,0,17,4,1,1,10221,21,0
0,28,2,2,3,1,8,4,7,2,4779,20,0
1,34,4,3,1,0,4,3,0,2,3737,19,0
0,26,3,5,3,1,8,3,1,2,2366,14,1
1,27,4,3,2,0,0,3,0,2,1706,11,0
0,51,3,26,2,0,29,3,4,2,16307,14,0
1,44,2,4,2,0,10,3,2,1,5933,12,0
1,25,1,2,2,0,6,3,0,1,3424,13,0
1,33,1,1,3,0,9,4,0,3,4037,22,0
0,35,1,27,2,0,6,3,1,1,2559,11,0
1,36,4,1,2,1,18,3,4,2,6201,14,0
1,32,4,13,2,0,8,3,0,3,4403,11,0
1,30,4,5,2,0,10,3,0,3,3761,12,0
0,53,4,7,3,1,35,3,0,2,10934,18,0
1,45,1,9,3,1,18,3,0,3,10761,12,0
0,32,3,8,2,0,9,3,1,2,5175,12,0
0,52,4,25,3,0,31,4,0,2,13826,22,0
1,37,3,16,3,0,9,3,0,3,6334,19,0
1,28,4,8,3,0,6,3,0,3,4936,13,0
1,22,4,1,1,0,4,4,2,2,4775,22,0
1,44,4,8,2,1,10,4,0,2,2818,24,0
1,42,4,2,3,1,8,3,2,1,2515,14,0
1,36,1,8,3,0,6,4,0,2,2342,21,0
1,25,1,3,3,1,5,3,0,2,4194,18,0
0,35,3,9,3,1,17,4,5,2,10685,20,0
0,35,2,25,2,1,10,3,7,3,2022,19,1
1,32,4,1,3,0,4,3,0,3,2314,12,0
1,25,1,4,4,0,5,3,0,2,4256,12,0
0,49,1,1,3,0,7,3,0,2,3580,16,0
1,24,4,4,2,0,6,3,3,2,3162,17,0
1,32,2,5,3,0,10,3,5,2,6524,14,0
1,38,2,9,3,0,3,3,1,2,2899,19,0
0,42,4,3,2,1,17,3,1,2,5231,13,0
1,31,4,11,3,1,8,3,0,2,2356,19,0
0,29,3,1,3,1,5,3,0,3,2800,19,1
1,53,4,8,3,0,28,3,2,2,11836,14,0
1,35,2,25,3,0,16,3,4,2,10903,16,0
0,37,4,21,3,0,10,3,0,2,2973,15,0
0,53,4,23,3,0,33,3,3,1,14275,18,0
0,43,4,1,2,0,12,3,2,2,5562,13,0
0,47,4,2,3,1,8,4,7,2,4537,22,0
1,37,2,19,3,1,10,3,0,1,7642,13,0
1,50,1,2,3,0,31,3,14,3,17924,11,0
0,39,4,2,3,0,13,3,0,2,5204,11,0
1,33,2,3,4,1,7,3,0,3,2277,11,0
1,32,4,25,1,1,1,4,0,1,2795,24,1
0,29,4,7,3,0,8,3,0,3,2532,14,0
1,44,1,9,3,1,8,3,7,2,2559,13,0
1,28,4,5,3,0,4,3,0,1,4908,14,0
1,58,4,2,2,1,3,3,0,3,2380,14,1
0,43,2,8,4,0,4,4,0,3,4765,21,0
0,20,3,2,2,0,2,3,0,1,2044,13,1
0,21,4,18,2,0,1,3,0,1,2693,19,1
1,36,4,14,2,1,17,3,4,2,6586,17,0
0,47,4,2,2,1,3,3,1,1,3294,18,0
0,22,3,3,4,1,4,3,0,2,4171,19,1
0,41,4,2,2,1,10,3,1,3,2778,13,1
0,28,3,9,3,0,6,3,2,3,2377,18,0
1,39,1,6,1,1,8,4,2,2,2404,21,1
0,27,3,4,3,0,1,3,0,1,2318,19,0
1,34,2,10,3,0,1,3,1,3,2008,14,0
0,42,3,14,3,0,10,3,0,1,6244,17,0
1,33,1,1,3,1,6,3,0,1,2799,11,0
0,58,2,5,3,1,24,3,0,3,10552,13,0
1,31,3,7,4,0,13,3,5,2,2329,15,0
0,35,4,21,1,1,10,4,0,2,4014,25,0
0,49,2,8,2,0,29,3,1,2,7403,11,0
1,48,3,20,2,0,13,3,0,2,2259,17,0
0,31,3,20,2,0,9,3,0,2,6932,13,0
1,36,4,7,3,0,8,3,0,1,4678,18,0
0,38,1,1,3,0,15,3,5,2,13582,13,0
0,32,2,1,3,0,5,4,0,2,2332,20,0
1,25,2,19,3,1,1,3,0,2,2413,18,1
1,40,2,10,2,0,11,3,0,3,9705,12,0
1,26,1,1,3,0,7,3,0,1,4294,12,0
1,41,1,6,3,1,20,3,2,1,4721,13,0
1,36,3,2,3,0,16,4,3,1,2519,21,0
1,19,2,21,4,1,1,3,0,1,2121,13,1
1,20,1,4,3,0,1,3,0,1,2973,19,1
0,31,4,12,1,1,10,3,8,2,5855,11,0
1,40,2,9,3,1,3,3,0,3,3617,14,0
0,32,1,3,4,0,8,3,6,2,6725,12,0
1,36,4,3,3,1,16,3,3,2,10325,11,1
0,33,4,1,3,0,6,3,1,1,6949,14,0
1,37,3,1,1,0,17,3,11,2,10609,11,1
1,45,2,4,2,0,9,3,0,2,4447,12,0
0,29,4,20,3,0,3,3,0,2,2157,15,0
0,35,3,18,3,0,5,3,1,2,4601,16,0
1,52,4,1,2,0,26,3,7,2,17099,15,0
1,58,3,2,3,0,7,4,0,1,2479,24,1
1,53,3,2,4,0,22,3,15,3,14852,13,0
1,30,3,8,4,0,10,3,7,3,7264,11,0
0,38,4,10,3,1,6,3,1,1,5666,13,0
1,35,4,3,3,0,12,3,0,3,7823,13,0
1,39,3,2,3,0,9,3,0,1,7880,18,0
0,40,2,24,2,1,22,3,0,1,13194,16,1
1,47,3,16,4,1,20,3,2,3,5067,19,0
1,36,4,8,3,0,12,3,0,3,5079,13,0
1,31,1,9,3,1,4,4,1,1,2321,22,1
1,33,3,17,3,0,10,3,6,1,17444,11,0
0,29,1,10,3,1,3,4,0,1,2404,20,1
0,33,4,13,3,0,5,3,0,1,3452,18,0
0,45,4,1,3,0,8,3,0,3,2270,14,0
1,50,4,1,2,0,32,4,1,3,17399,22,0
0,33,2,1,3,1,6,3,1,2,5488,13,0
1,41,3,9,4,0,21,3,0,3,19419,17,0
0,27,2,16,3,0,4,3,2,2,2811,14,0
1,45,1,23,3,1,9,3,0,2,3633,15,0
0,47,4,4,3,1,9,3,0,1,4163,17,0
0,30,3,22,3,1,7,3,0,2,2132,11,1
1,50,3,24,3,1,22,3,1,2,13973,18,0
1,38,3,10,2,0,3,3,0,2,2684,17,0
1,46,3,7,3,0,13,3,0,3,10845,13,0
0,24,3,17,3,0,5,3,3,3,4377,15,0
1,35,2,14,1,1,5,4,0,3,3743,24,1
0,31,1,1,3,0,4,3,0,2,4148,12,0
1,18,4,5,3,0,0,3,0,1,1051,15,0
0,54,3,17,3,0,22,3,0,2,10739,11,0
0,35,3,25,2,1,16,3,10,3,10388,11,0
0,30,1,8,2,1,9,3,1,2,11416,12,0
0,20,1,11,3,1,1,3,0,1,2600,15,1
0,30,2,5,3,0,4,3,1,1,2422,17,1
1,26,4,2,3,0,8,3,1,2,5472,12,0
1,22,1,8,2,0,4,3,1,2,2451,15,0
1,48,3,6,3,0,19,3,2,1,4240,13,0
1,48,3,4,3,0,27,3,4,1,10999,14,0
0,41,3,7,3,0,8,3,2,1,5003,14,0
0,39,4,1,3,0,21,3,11,2,12742,16,0
0,27,4,2,3,0,4,3,2,2,4227,18,0
1,35,4,10,2,0,3,4,1,3,3917,20,0
1,42,3,5,4,0,21,3,0,2,18303,13,0
1,50,4,9,3,0,8,3,0,2,2380,18,0
0,59,4,2,3,1,30,3,4,1,13726,13,0
0,37,2,11,1,0,15,3,0,2,4777,15,1
1,55,2,18,3,1,17,3,6,2,6385,14,0
0,41,3,7,3,0,21,4,5,3,19973,22,0
1,38,4,3,3,1,19,3,0,1,6861,12,0
1,26,1,29,3,0,7,3,2,1,4969,18,1
0,52,4,2,3,0,33,3,6,2,19845,15,1
0,44,4,28,3,1,23,3,11,2,13320,18,0
0,50,3,1,3,0,19,3,0,2,6347,12,0
0,36,1,16,3,0,18,3,15,1,2743,16,1
0,39,1,22,3,1,21,3,2,1,10880,13,0
0,33,4,8,2,0,3,3,2,1,2342,19,0
0,45,4,11,4,0,26,3,1,2,17650,13,0
0,32,3,29,3,0,10,3,7,1,4025,12,0
1,34,4,1,2,0,16,3,0,3,9725,11,0
1,59,4,1,1,1,14,3,0,2,11904,14,0
1,45,2,24,3,0,6,3,0,1,2177,16,0
0,53,2,2,3,0,30,3,6,2,7525,12,0
1,36,3,15,2,0,9,3,0,3,4834,14,1
1,26,1,2,3,1,6,3,1,2,2042,14,1
0,34,3,10,3,1,1,3,0,2,2220,19,0
1,28,2,10,3,0,1,4,0,2,1052,22,0
1,38,3,3,3,0,8,3,2,2,2821,16,0
1,50,3,2,2,1,29,3,7,2,19237,11,0
0,37,2,3,2,0,8,3,0,1,4107,15,0
1,40,1,26,2,0,8,3,7,2,8396,14,0
0,26,3,1,3,0,5,3,1,3,2007,13,0
1,46,4,1,3,0,23,3,2,3,19627,17,0
0,54,3,2,3,0,13,3,7,2,10686,11,0
0,56,3,9,3,0,18,3,0,2,2942,19,0
0,36,4,12,2,0,15,3,7,1,8858,11,0
1,55,1,2,4,0,31,3,6,1,16756,15,0
1,43,4,25,3,0,18,3,0,3,10798,13,0
0,20,4,9,3,1,2,3,0,1,2323,14,1
0,21,1,10,2,0,1,3,1,1,1416,13,1
0,46,1,8,3,1,19,4,1,3,4615,23,0
1,51,3,4,4,1,18,3,2,2,2461,12,1
1,28,1,24,2,0,10,3,1,1,8722,12,1
1,26,1,1,3,0,6,3,1,2,3955,16,0
1,30,1,20,2,0,7,3,0,2,9957,15,0
0,41,3,7,3,0,10,3,0,2,3376,13,0
0,38,3,17,2,0,20,3,1,2,8823,18,0
1,40,4,20,3,0,14,4,11,2,10322,20,0
1,27,3,8,3,0,3,3,1,2,4621,19,0
1,55,2,2,3,0,23,3,1,2,10976,18,0
0,28,3,10,4,0,10,3,1,1,3660,13,0
1,44,1,1,3,0,24,3,3,2,10482,14,1
1,33,4,5,3,0,9,3,1,3,7119,15,0
1,35,1,4,3,1,9,4,4,1,9582,22,1
0,33,3,29,3,0,14,4,3,1,4508,22,1
1,28,3,15,2,0,4,3,2,3,2207,16,0
1,34,4,3,2,0,7,3,0,1,7756,17,0
0,37,4,10,3,1,8,3,0,3,6694,14,0
1,25,4,4,4,1,7,3,5,2,3691,15,1
1,26,3,21,2,0,1,4,0,3,2377,20,1
1,33,2,25,3,1,5,4,2,1,2313,20,1
1,42,1,2,3,0,23,3,13,2,17665,17,0
1,28,2,1,3,0,1,3,0,3,2596,15,1
1,50,3,1,3,1,5,3,0,1,4728,14,1
0,33,2,7,3,0,4,3,0,2,4302,17,0
1,34,4,3,3,0,6,3,0,2,2979,17,0
1,48,4,1,2,0,27,4,2,1,16885,22,0
0,45,3,9,3,0,15,3,4,2,5593,13,0
1,52,2,7,3,0,18,3,4,1,10445,19,0
1,38,3,10,3,1,9,3,2,3,8740,14,0
0,29,4,28,3,0,11,4,1,3,2514,22,0
0,28,2,3,2,0,10,3,1,3,7655,17,0
1,46,3,3,3,0,23,3,4,2,17465,12,0
1,38,2,2,3,0,10,3,0,1,7351,16,0
0,43,1,27,3,0,18,3,0,2,10820,11,0
1,39,4,2,3,0,21,3,11,3,12169,11,1
1,40,3,14,4,0,21,3,4,1,19626,14,0
0,21,2,1,4,1,2,3,2,1,2070,11,0
1,39,2,9,2,0,9,3,0,1,6782,15,0
1,36,4,18,3,0,18,4,0,1,7779,20,0
1,31,4,20,3,0,3,3,2,2,2791,12,0
1,28,2,2,1,0,6,3,0,2,3201,17,0
1,35,4,11,3,0,5,3,0,3,4968,11,0
1,49,2,8,3,0,22,3,2,2,13120,17,0
1,34,3,2,2,0,5,3,0,1,4033,11,0
0,29,2,10,2,0,8,3,1,3,3291,14,0
1,42,4,29,3,0,16,3,0,1,4272,19,0
1,29,4,8,2,1,10,3,1,2,5056,15,0
1,38,3,1,4,0,7,3,5,2,2844,13,0
1,28,3,6,3,1,3,3,0,3,2703,14,0
1,18,3,8,3,0,0,3,0,1,1904,12,1
0,33,1,9,3,1,6,3,0,1,8224,17,1
1,41,4,12,3,1,6,3,0,2,4766,11,0
1,31,3,15,2,0,2,3,2,2,2610,12,1
0,37,4,25,3,0,9,3,1,3,5731,13,0
1,27,3,6,3,0,4,3,2,2,2539,13,0
0,34,3,9,2,0,6,4,1,2,5714,20,0
1,35,3,8,1,0,6,3,1,1,4323,17,0
0,29,1,23,1,0,11,3,3,2,7336,13,1
0,40,3,9,2,0,20,3,2,1,13499,17,0
1,42,1,12,2,1,22,3,13,1,13758,12,1
1,42,1,4,4,0,9,3,1,1,5155,13,0
1,35,3,1,3,0,10,3,1,2,2258,12,0
1,24,2,24,3,0,6,4,1,1,3597,22,0
0,28,4,12,2,1,1,3,0,2,2515,11,1
1,26,4,3,3,0,8,4,0,2,4420,22,0
1,30,3,10,3,0,10,3,1,2,6578,18,0
0,40,4,26,1,1,16,3,0,2,4422,13,0
1,35,2,2,4,0,15,3,6,3,10274,18,0
1,34,1,1,3,0,14,4,4,1,5343,20,0
1,35,4,4,4,0,2,3,2,2,2376,13,0
0,43,3,9,2,0,7,3,1,1,5346,13,1
0,32,1,2,3,0,1,3,0,3,2827,12,0
0,56,1,4,3,0,28,3,4,3,19943,13,0
0,29,4,6,3,0,10,3,0,2,3131,13,0
1,19,1,9,3,0,1,4,0,1,2552,25,0
0,45,3,7,2,1,7,3,0,2,4477,19,0
0,37,4,1,2,0,14,3,3,2,6474,13,0
1,20,3,3,2,0,2,3,1,1,3033,12,0
1,44,3,10,3,1,6,3,0,1,2936,11,1
0,53,3,7,3,0,26,3,4,3,18606,18,0
0,29,4,15,2,1,6,3,1,2,2168,18,0
1,22,4,3,3,1,1,3,0,2,2853,11,1
0,46,1,2,3,0,28,4,15,2,17048,23,0
1,44,3,17,3,0,6,3,0,1,2290,13,0
1,33,3,2,3,0,5,3,1,2,3600,13,0
1,41,1,5,1,0,5,3,0,3,2107,17,1
1,30,1,29,3,0,8,3,0,3,4115,19,0
1,40,2,2,3,0,5,3,0,2,4327,12,0
0,50,1,2,3,0,32,4,2,2,17856,22,0
1,28,1,19,3,0,6,3,3,2,3196,12,0
1,46,2,15,3,0,25,3,0,2,19081,11,0
1,35,1,17,3,1,15,3,1,2,8966,15,0
0,24,2,17,1,0,1,3,0,2,2210,13,1
0,33,3,25,2,0,10,3,0,2,4539,12,0
1,36,3,6,3,0,7,3,1,3,2741,14,0
1,30,3,7,2,0,10,3,8,3,3491,13,0
1,44,4,29,3,0,20,4,13,1,4541,25,0
1,20,4,21,3,0,2,3,2,1,2678,17,0
1,46,4,2,2,0,12,3,1,3,7379,11,0
1,42,1,2,4,0,10,3,0,2,6272,16,0
1,60,4,7,3,1,12,3,1,3,5220,18,0
0,32,2,13,3,0,2,4,2,2,2743,20,0
0,32,3,2,3,1,10,3,0,1,4998,14,0
0,36,1,1,3,1,17,4,7,3,10252,21,0
1,33,4,9,3,0,15,3,4,2,2781,13,0
0,40,2,10,4,0,7,3,1,3,6852,12,0
1,25,4,10,3,0,5,3,1,1,4950,14,0
1,30,2,1,3,1,12,4,5,2,3579,21,0
0,42,1,26,3,1,20,3,0,2,13191,17,0
0,35,4,8,2,1,16,3,4,2,10377,11,0
1,27,1,14,2,1,9,3,6,2,2235,14,0
0,54,3,1,1,0,33,3,1,3,10502,17,0
0,44,4,2,3,0,10,3,7,2,2011,13,0
0,19,2,10,4,1,1,4,0,1,1859,25,1
0,29,4,1,3,0,3,3,1,3,3760,15,0
1,54,4,3,3,0,36,3,0,2,17779,14,0
1,31,1,11,2,1,6,3,0,2,6833,12,0
0,31,1,24,3,0,10,3,1,1,6812,19,0
0,59,4,3,3,0,13,3,0,1,5171,17,0
1,43,4,3,3,0,25,3,0,2,19740,14,0
1,49,3,4,4,0,23,3,0,2,18711,13,0
1,36,2,3,2,0,12,3,0,2,3692,12,0
1,48,2,2,2,0,7,3,0,1,2559,11,0
1,27,3,4,3,0,5,3,0,3,2517,11,0
1,29,4,7,3,1,6,3,1,3,6623,11,0
1,48,4,1,4,0,25,3,0,1,18265,12,0
0,29,4,1,2,0,9,3,1,3,16124,14,0
0,34,3,20,2,0,2,3,0,2,2585,17,0
1,44,2,5,3,0,26,3,3,2,18213,11,0
1,33,3,10,3,1,10,3,0,3,8380,14,0
0,19,4,25,3,1,1,3,0,1,2994,12,0
1,23,3,1,3,0,1,4,0,2,1223,22,0
1,25,4,24,3,1,1,3,1,1,1118,14,1
1,26,4,4,2,1,8,4,2,1,2875,20,0
0,45,2,2,3,1,26,3,1,1,18824,16,1
1,55,2,8,3,1,34,3,15,3,13577,15,0
0,21,3,10,1,0,2,4,2,1,2625,20,1
0,46,2,4,3,0,26,3,0,2,18789,14,0
0,34,1,2,3,1,4,3,0,1,4538,12,0
1,51,2,9,2,1,31,4,11,3,19847,24,0
1,59,4,18,2,0,25,3,5,1,10512,12,0
0,34,2,19,4,0,15,3,5,3,4444,13,0
1,28,3,1,2,1,5,3,0,1,2154,11,0
1,44,1,4,2,0,26,3,14,3,19190,14,0
1,34,2,11,4,0,14,3,1,2,4490,11,0
1,35,3,6,3,1,4,3,2,2,3506,14,0
0,42,2,7,3,1,18,3,0,2,2372,16,0
0,43,4,4,4,0,23,3,15,1,10231,14,0
0,36,2,2,3,1,18,3,5,1,5410,11,0
0,44,4,15,3,0,10,3,0,2,7978,11,1
1,28,4,2,3,1,2,3,2,2,3867,12,0
0,51,3,6,2,0,8,3,7,1,2838,14,0
0,30,3,9,3,1,10,3,1,1,4695,18,0
0,29,3,7,3,1,10,3,7,3,3339,13,1
1,28,1,1,2,0,5,3,1,1,2080,11,0
0,25,2,1,2,0,2,3,2,1,2096,18,0
1,32,4,8,4,0,10,3,0,2,6209,15,0
0,45,2,25,3,0,22,4,0,1,18061,22,0
0,39,2,13,3,1,21,3,15,3,17123,13,0
1,58,3,23,3,0,2,3,2,3,2372,12,0
1,32,3,7,3,0,10,3,1,2,4883,18,1
1,39,1,23,3,0,6,3,0,1,3904,13,1
0,30,4,6,3,0,10,3,6,2,4627,12,0
0,36,3,10,3,0,10,3,1,2,7094,12,0
0,46,1,1,4,0,10,3,5,1,3423,12,0
0,28,4,1,3,0,10,3,7,2,6674,11,0
0,50,1,28,3,1,25,3,1,2,16880,11,0
1,40,2,25,3,1,9,3,1,1,9094,12,1
1,52,2,5,2,1,10,3,7,1,8446,19,1
0,30,1,17,3,1,9,4,0,2,11916,23,0
1,39,3,18,3,0,9,3,1,1,4534,11,0
0,31,3,2,2,1,10,3,9,3,9852,19,0
1,41,2,10,3,0,19,3,11,1,6151,13,0
0,31,2,1,4,1,3,3,2,1,2302,11,1
1,44,1,3,4,0,10,3,1,2,2362,12,1
1,42,3,2,2,1,21,3,2,2,17861,13,0
0,55,3,2,3,0,23,3,9,2,19187,14,0
1,56,2,8,3,0,36,3,7,1,19717,14,0
1,40,3,16,3,0,6,3,0,3,3544,16,0
1,34,4,9,2,0,10,3,1,3,8500,11,0
1,40,4,2,3,0,9,3,8,1,4661,13,0
0,41,1,1,3,0,10,3,1,3,4103,17,0
1,35,3,4,3,1,9,3,1,1,4249,11,0
1,51,2,5,3,1,33,3,0,3,14026,11,0
0,38,1,2,3,0,11,3,1,3,6893,15,0
0,34,1,15,4,0,10,3,9,1,6125,12,0
1,25,4,19,2,0,7,3,1,2,3669,11,0
0,58,1,7,2,1,31,3,5,2,10008,14,1
1,40,2,1,3,0,7,4,0,2,2387,22,0
0,36,1,7,2,0,17,3,6,2,4639,16,0
1,48,4,4,3,0,11,3,0,1,7898,11,0
0,27,4,11,3,0,5,3,0,2,2534,14,0
0,51,2,11,2,0,29,3,0,1,13142,16,0
0,18,4,1,4,0,0,3,0,1,1611,15,0
0,35,4,1,3,0,10,3,0,2,5363,12,0
1,27,4,2,3,0,8,4,0,1,5071,20,0
1,55,3,13,2,1,24,3,3,1,13695,17,1
1,56,2,23,3,1,33,3,15,2,13402,12,0
0,34,3,26,3,0,5,4,0,3,2029,20,0
0,40,3,2,3,0,15,4,11,3,6377,20,0
1,34,3,29,3,0,10,3,7,2,5429,13,0
0,31,4,2,4,0,3,3,0,1,2785,14,1
0,35,3,18,2,1,5,3,3,2,4614,18,1
1,38,3,7,3,0,4,3,0,3,2610,11,0
0,34,4,2,4,0,14,3,4,1,6687,11,0
1,28,1,26,3,0,5,3,0,2,4724,11,0
1,31,3,22,2,1,10,3,6,2,6179,15,1
1,39,4,21,4,1,8,3,1,2,6120,12,0
1,51,2,2,3,0,14,3,3,2,10596,11,0
0,41,4,22,2,1,12,3,3,3,5467,14,0
1,37,3,4,3,1,8,3,1,2,2996,15,0
1,33,4,5,4,0,8,3,1,2,9998,13,0
1,32,2,2,2,1,4,3,1,2,4078,13,0
1,39,3,25,3,0,13,4,0,2,10920,21,0
1,25,3,18,2,0,6,3,1,2,6232,11,0
0,52,3,28,2,1,24,3,0,2,13247,11,0
0,43,3,6,1,1,20,3,1,1,4081,14,0
0,27,4,10,3,1,6,3,4,2,5769,11,0
0,27,3,17,3,1,8,3,7,1,2394,13,1
1,26,4,2,3,0,5,3,1,1,3904,12,0
0,42,1,10,3,0,21,3,0,2,16799,14,0
0,52,1,8,1,0,12,3,0,2,2950,13,0
0,37,3,11,3,0,8,3,0,1,3629,18,0
1,35,4,18,3,0,10,3,2,1,9362,11,0
1,25,4,1,2,0,7,3,0,2,3229,11,0
1,26,1,7,3,0,8,3,0,1,3578,12,0
1,29,1,17,2,0,10,3,0,1,7988,13,0
1,49,1,28,3,0,20,4,1,1,4284,20,1
0,29,4,14,3,1,9,3,7,1,7553,12,1
0,54,4,1,2,0,29,3,12,1,17328,19,0
0,58,1,1,3,1,32,4,1,2,19701,21,0
1,55,4,1,4,0,31,3,0,3,14732,13,0
0,36,2,3,3,1,15,3,0,1,9278,16,0
0,31,3,1,3,0,1,3,0,1,1359,12,1
0,30,1,7,3,0,8,3,0,3,4779,14,0
0,31,2,8,4,0,9,3,1,1,16422,11,0
1,34,1,1,3,0,10,3,1,3,2996,14,0
0,31,2,8,4,0,1,3,0,1,1261,12,1
1,27,1,11,4,0,6,3,1,2,2099,14,0
1,36,4,4,2,0,10,3,1,1,5810,16,0
0,36,1,16,2,0,11,3,0,2,5647,13,0
1,47,4,1,2,0,17,3,1,2,3420,12,0
1,25,1,9,3,0,6,3,2,2,4400,12,1
1,37,3,5,1,0,7,3,1,1,3500,14,0
0,56,1,1,4,0,5,4,1,2,2066,22,0
0,47,3,2,4,0,26,3,5,2,17169,19,0
0,24,3,4,3,1,5,3,0,2,4162,12,0
1,32,4,7,2,0,7,3,0,2,9204,12,0
0,34,2,1,2,0,7,3,0,2,3294,17,0
1,41,3,5,2,1,7,3,0,2,2127,12,0
1,40,3,9,4,0,11,3,0,3,3975,11,0
1,31,4,8,3,0,13,3,9,3,10793,18,0
1,46,4,9,4,0,28,3,4,3,10096,11,1
0,39,1,2,4,1,11,4,0,1,3646,23,1
0,31,2,1,3,0,10,3,4,1,7446,11,1
1,45,1,20,3,1,24,3,0,3,10851,18,0
0,31,2,8,3,0,8,3,0,1,2109,18,0
1,31,4,2,1,1,7,3,2,2,3722,13,1
1,45,4,29,4,1,10,3,1,2,9380,18,0
1,48,1,7,3,0,15,3,2,3,5486,11,0
0,34,3,9,3,0,2,3,2,2,2742,15,1
1,40,2,8,3,0,16,3,4,3,13757,11,0
1,28,1,5,3,0,6,3,1,1,8463,18,0
1,44,3,5,3,0,7,3,0,1,3162,14,0
1,53,2,2,2,0,35,3,8,1,16598,12,0
1,49,3,5,2,0,20,3,1,2,6651,14,0
1,40,3,2,4,0,8,3,1,3,2345,14,0
1,44,2,20,2,0,6,3,1,1,3420,13,0
1,33,1,7,3,0,5,3,0,2,4373,14,0
1,34,1,3,3,0,15,3,3,1,4759,18,0
1,30,3,16,2,0,4,3,2,2,5301,15,0
0,42,4,9,3,0,12,3,5,1,3673,13,0
0,44,3,1,2,0,11,3,0,2,4768,12,0
1,30,3,7,2,0,1,3,0,3,1274,13,0
1,57,3,1,2,0,13,4,2,2,4900,24,0
1,49,2,7,3,0,29,3,0,3,10466,14,0
1,34,1,15,2,0,16,3,6,3,17007,14,0
1,28,3,1,4,0,5,3,1,2,2909,15,1
0,29,2,13,1,0,7,3,0,1,5765,11,1
0,34,2,24,4,1,16,4,10,1,4599,23,1
1,35,3,7,3,0,1,3,0,2,2404,13,0
1,24,1,9,2,1,4,3,0,1,3172,11,1
0,24,2,13,3,0,1,3,0,2,2033,13,0
1,44,3,2,2,1,16,3,2,1,10209,18,0
1,29,3,19,3,0,10,3,0,3,8620,14,0
1,30,3,1,4,0,6,4,1,3,2064,21,0
1,55,3,4,3,1,4,3,1,2,4035,16,0
0,33,2,4,3,0,8,3,0,2,3838,11,0
0,47,3,14,2,1,11,3,1,2,4591,17,0
1,28,1,2,2,0,8,3,0,1,2561,11,1
1,28,3,1,1,0,1,3,0,3,1563,14,0
1,28,1,7,3,0,5,3,1,1,4898,14,0
0,49,1,3,3,0,10,4,1,2,4789,25,0
0,29,2,2,3,0,4,3,0,2,3180,13,0
1,28,2,29,2,0,8,3,1,2,6549,14,0
1,33,3,8,3,1,14,3,0,1,6388,17,0
1,32,4,10,4,0,10,4,0,1,11244,25,0
0,54,4,11,3,0,26,4,1,3,16032,20,0
1,29,1,1,1,0,11,3,0,1,2362,13,1
1,44,1,28,4,0,24,3,14,2,16328,13,0
0,39,2,6,3,0,9,3,2,1,8376,18,0
0,46,2,3,4,0,23,3,5,2,16606,12,0
0,35,2,16,1,0,11,3,3,1,8606,19,0
1,23,3,20,3,0,5,3,1,1,2272,14,0
1,40,1,9,1,0,15,3,1,1,2018,14,1
1,34,3,1,3,1,10,3,8,2,7083,14,0
0,31,3,3,1,0,7,3,7,1,4084,12,1
1,50,4,22,3,1,32,3,13,1,14411,13,0
1,34,3,7,3,1,12,4,5,2,2308,25,0
1,42,2,2,3,0,4,3,0,2,4841,14,0
1,37,4,13,3,0,10,3,3,2,4285,17,0
0,29,1,8,3,0,9,3,0,2,9715,13,0
1,33,2,25,3,0,5,3,0,1,4320,13,0
1,45,4,28,3,0,8,4,0,2,2132,20,0
1,42,4,2,1,1,24,3,13,2,10124,14,0
1,40,1,9,4,0,9,3,7,2,5473,12,0
1,33,3,28,3,1,15,3,5,2,5207,12,0
1,40,4,6,3,1,21,4,7,1,16437,21,0
1,24,1,21,3,0,2,3,0,3,2296,14,0
1,40,4,8,3,1,8,3,2,3,4069,18,0
1,45,2,1,3,0,10,3,7,3,7441,12,0
0,35,3,28,3,0,6,4,4,2,2430,23,0
0,32,2,5,3,0,12,3,2,2,5878,12,0
1,36,4,2,2,1,7,4,1,1,2644,21,0
0,48,3,16,3,0,18,3,7,3,6439,14,0
1,29,3,9,2,0,5,3,0,2,2451,18,0
1,33,1,8,1,0,8,3,2,2,6392,13,0
1,30,1,1,3,0,10,3,6,2,9714,11,1
1,38,3,10,3,0,10,3,1,2,6077,11,0
1,35,1,1,3,0,3,3,1,1,2450,19,0
1,30,2,29,3,0,9,3,1,2,9250,12,0
0,35,1,2,3,1,1,3,0,3,2074,12,1
0,53,4,2,3,0,34,3,1,2,10169,16,1
1,38,2,2,3,0,7,3,1,2,4855,11,1
1,32,1,1,2,0,9,3,1,2,4087,14,0
0,48,1,15,2,0,10,3,7,2,2367,12,0
1,34,4,7,1,0,1,3,0,1,2972,13,0
1,55,4,26,3,0,36,4,2,2,19586,21,0
1,34,4,1,2,0,9,3,2,2,5484,17,0
0,26,4,3,3,0,1,4,0,2,2061,21,0
1,38,2,14,3,0,10,3,7,2,9924,11,0
0,38,2,16,4,0,8,3,1,1,4198,12,0
0,36,3,1,3,0,15,3,0,1,6815,13,0
1,29,1,3,3,1,10,3,1,1,4723,18,0
0,35,3,10,3,1,10,3,0,1,6142,16,0
1,39,3,6,3,0,11,3,7,2,8237,11,0
1,29,4,2,4,0,6,3,1,3,8853,19,0
1,50,3,9,3,1,27,3,0,2,19331,16,0
1,23,3,10,3,0,4,3,2,2,2073,16,0
1,36,1,6,3,1,9,3,0,2,5562,13,0
1,42,4,9,3,0,24,4,0,1,19613,22,0
1,35,3,28,2,0,10,3,6,2,3407,17,0
1,34,3,10,2,0,8,3,7,2,5063,14,0
0,40,1,14,3,0,5,3,1,2,4639,15,0
1,43,2,27,3,0,8,3,0,3,4876,12,0
1,35,4,7,2,0,1,3,0,2,2690,18,0
1,46,1,1,1,0,27,3,0,1,17567,15,0
1,28,2,24,3,1,1,3,0,2,2408,17,1
0,22,3,26,2,1,4,3,1,2,2814,14,0
1,50,3,20,3,1,32,3,12,2,11245,15,0
0,32,4,5,3,0,6,3,0,2,3312,17,0
0,44,4,7,2,1,23,3,1,3,19049,14,0
1,30,2,7,2,0,6,3,1,2,2141,12,0
0,45,1,5,3,1,10,3,1,1,5769,14,0
1,45,1,26,3,0,10,3,4,2,4385,15,0
1,31,1,2,3,0,10,3,0,1,5332,13,0
0,36,3,12,3,1,7,3,1,2,4663,12,0
1,34,4,10,3,0,9,3,7,3,4724,13,0
0,49,1,25,2,0,10,3,1,2,3211,14,0
1,39,1,10,3,0,10,3,7,2,5377,13,0
1,27,1,19,3,0,7,3,0,3,4066,11,0
1,35,1,18,3,0,16,3,1,2,5208,11,0
0,28,1,27,2,0,6,4,0,3,4877,21,0
1,21,4,5,3,0,3,3,2,1,3117,18,0
0,18,4,3,4,1,0,3,0,1,1569,12,1
0,47,3,26,3,0,27,3,1,2,19658,11,0
1,39,3,3,3,0,11,3,0,3,3069,15,0
0,40,3,15,3,0,18,3,14,2,10435,13,0
0,35,3,8,3,0,15,3,2,2,4148,12,0
1,37,3,19,2,0,9,3,0,2,5768,17,0
0,39,3,4,1,0,10,3,3,1,5042,13,0
0,45,4,2,3,0,10,3,3,3,5770,19,0
0,38,3,2,4,1,10,3,0,2,7756,19,0
1,35,1,10,3,0,15,3,6,2,10306,17,1
0,37,2,10,1,0,8,3,7,2,3936,11,0
0,40,4,16,2,1,18,3,3,1,7945,15,0
1,44,4,1,3,1,14,3,0,2,5743,11,0
1,48,4,4,3,0,23,4,2,2,15202,25,0
1,35,4,15,2,1,7,3,2,3,5440,14,1
0,24,4,2,3,1,6,3,1,1,3760,13,0
0,27,3,8,3,0,5,3,0,2,3517,17,0
1,27,4,2,2,0,6,3,1,1,2580,13,0
1,40,1,7,1,1,10,3,0,1,2166,14,1
1,29,3,10,3,0,8,3,1,1,5869,11,0
0,36,1,5,3,0,9,3,0,2,8008,12,0
1,25,3,2,3,0,7,3,0,3,5206,17,0
1,39,2,12,3,0,7,4,1,2,5295,21,0
0,49,2,22,3,0,27,3,1,2,16413,16,0
0,50,1,17,3,0,19,3,1,3,13269,15,0
0,20,3,2,3,0,2,3,2,1,2783,19,0
0,34,2,3,3,0,11,3,7,3,5433,12,0
1,36,2,7,3,0,15,3,1,1,2013,11,0
0,49,3,6,3,1,30,3,2,2,13966,19,0
0,36,3,1,3,0,4,3,1,2,4374,15,0
1,36,1,3,3,0,13,4,0,3,6842,20,0
0,54,3,22,3,0,36,4,4,2,17426,25,0
1,43,3,15,3,0,14,4,6,2,17603,24,0
1,35,4,12,4,1,13,4,6,1,4581,24,1
1,38,4,1,4,0,19,3,2,2,4735,15,0
1,29,2,5,2,1,10,3,0,3,4187,13,0
1,33,4,2,3,0,6,3,0,3,5505,14,0
1,32,2,2,2,0,10,3,1,3,5470,13,0
0,31,4,5,3,0,10,3,0,2,5476,11,0
0,49,1,16,2,1,17,3,2,3,2587,16,0
0,38,2,2,3,0,4,4,3,1,2440,22,0
0,47,2,2,3,0,29,3,1,3,15972,14,0
1,49,3,1,3,0,23,3,0,1,15379,14,0
1,41,3,23,3,1,21,3,0,1,7082,16,0
1,20,1,9,3,0,2,3,0,1,2728,11,0
0,33,4,16,3,1,7,4,1,3,5368,25,0
1,36,3,26,2,0,10,3,0,2,5347,14,0
0,44,4,1,3,1,8,3,2,3,3195,18,0
1,23,3,8,3,1,5,3,1,1,3989,11,1
0,38,3,4,2,0,7,3,0,2,3306,19,0
1,53,4,24,3,0,11,3,1,2,7005,15,0
0,48,3,7,3,1,19,3,7,2,2655,11,1
1,32,2,2,3,0,1,3,0,1,1393,12,1
1,26,4,7,3,0,7,4,5,1,2570,20,0
1,55,2,22,3,0,8,3,1,3,3537,12,0
1,34,4,5,4,0,15,3,4,2,3986,14,0
1,60,4,1,4,0,19,4,0,3,10883,20,0
1,33,2,21,3,0,14,3,2,2,2028,18,0
1,37,4,1,2,0,6,3,1,3,9525,14,0
0,34,4,19,3,0,10,3,8,2,2929,12,0
1,23,4,7,3,1,3,4,0,3,2275,21,1
0,44,4,2,3,1,9,3,6,2,7879,19,0
1,35,4,2,4,1,6,3,1,1,4930,14,0
1,43,4,2,3,1,10,3,8,2,7847,17,0
1,24,3,9,3,0,5,3,0,2,4401,16,0
1,41,3,6,3,0,10,3,8,1,9241,12,0
0,29,3,9,3,0,9,3,1,2,2974,17,0
0,36,4,2,2,0,17,3,6,1,4502,15,0
1,45,3,1,2,0,25,4,14,2,10748,23,0
1,24,3,22,3,0,1,3,0,2,1555,11,1
1,47,3,9,1,0,25,3,14,2,12936,11,1
1,26,3,17,4,0,3,3,0,2,2305,15,0
0,45,2,28,3,0,21,3,8,1,16704,11,0
1,32,3,10,2,0,10,3,1,2,3433,13,0
1,31,3,2,4,0,6,3,0,2,3477,14,0
1,41,2,4,3,0,10,3,1,2,6430,19,0
0,40,1,8,3,1,18,3,0,2,6516,16,0
1,24,1,29,4,0,6,3,1,3,3907,13,0
1,46,2,13,3,0,19,3,0,1,5562,14,0
1,35,3,27,3,0,17,3,0,2,6883,16,0
1,30,4,16,2,0,10,3,0,2,2862,12,0
1,47,2,2,1,0,4,3,0,2,4978,11,0
1,46,4,2,2,1,13,3,0,3,10368,12,0
1,36,1,13,3,1,16,3,2,3,6134,13,1
1,32,2,1,3,0,10,3,0,1,6735,15,1
0,23,2,4,1,0,3,3,1,1,3295,13,0
0,31,4,24,2,0,9,4,1,1,5238,20,0
1,39,4,1,3,1,9,3,5,2,6472,15,0
1,32,3,19,1,0,10,3,0,2,9610,13,0
1,40,2,7,2,0,21,3,12,1,19833,14,0
0,45,3,4,4,0,9,4,0,2,9756,21,0
0,30,1,2,3,0,10,3,0,1,4968,16,0
1,24,4,10,3,0,3,3,2,2,2145,14,0
0,30,4,8,2,0,6,3,1,3,2180,11,1
1,31,3,5,3,0,6,3,0,2,8346,19,0
0,27,4,8,2,0,6,3,1,1,3445,11,0
0,29,2,9,3,0,2,3,2,1,2760,13,1
1,29,3,1,4,1,10,3,0,1,6294,12,0
1,30,1,15,3,0,12,3,1,3,7140,11,0
1,34,4,2,3,1,6,3,1,2,2932,14,0
0,33,2,2,2,0,13,3,1,1,5147,15,0
0,49,4,11,4,0,8,3,0,1,4507,12,0
0,33,1,16,2,1,11,4,0,1,8564,20,1
0,38,2,2,2,0,9,3,0,2,2468,14,0
1,31,3,16,3,0,10,3,0,2,8161,13,1
0,29,1,4,3,0,1,3,0,3,2109,13,0
1,30,3,16,3,0,10,3,1,2,5294,16,0
1,32,2,5,3,0,12,3,0,1,2718,14,0
1,38,4,18,3,1,15,3,1,2,5811,16,0
1,43,3,17,3,1,6,3,0,2,2437,16,1
1,42,2,12,2,0,7,4,0,3,2766,22,0
1,55,1,2,3,0,34,3,0,2,19038,12,0
1,33,2,4,2,0,11,3,1,3,3055,15,0
1,41,1,9,3,0,5,4,0,3,2289,20,0
1,34,3,10,3,1,15,3,0,3,4001,14,0
0,53,3,1,2,1,27,4,0,2,12965,20,0
1,43,4,2,3,0,10,3,1,1,3539,13,0
0,34,4,3,3,0,6,3,2,1,6029,12,0
1,21,2,7,3,0,1,3,1,1,2679,13,1
0,38,3,6,3,0,5,3,0,2,3702,11,0
0,22,1,8,3,1,1,3,0,2,2398,17,1
0,31,4,29,3,0,13,3,5,2,5468,14,0
0,51,3,3,3,0,15,3,2,2,13116,11,0
1,37,2,9,3,0,5,3,0,2,4189,14,0
1,46,4,2,3,1,24,3,2,3,19328,17,0
1,36,1,10,3,1,15,3,5,2,8321,13,0
1,44,2,1,2,1,6,3,2,3,2342,12,1
1,37,2,8,2,0,19,3,4,3,4071,13,0
1,35,4,27,3,1,10,3,7,1,5813,18,1
1,33,1,8,3,0,14,3,7,2,3143,19,0
1,28,4,1,4,0,5,3,0,2,2044,11,0
1,39,3,10,3,0,9,4,2,1,13464,21,0
1,46,2,26,3,0,6,3,2,1,7991,15,0
0,40,1,2,2,0,7,3,0,2,3377,17,0
1,42,1,13,2,0,10,3,0,2,5538,18,0
1,35,4,2,3,0,15,3,1,3,5762,14,0
1,38,2,2,3,0,13,3,3,3,2592,13,0
1,34,1,9,2,0,11,3,0,2,5346,17,1
1,37,1,10,1,0,10,3,0,1,4213,15,1
1,39,4,20,3,0,7,3,2,3,4127,18,0
1,43,3,9,2,0,7,3,1,1,2438,13,0
1,41,2,5,1,0,11,3,1,1,6870,12,0
0,41,3,4,4,1,23,3,13,3,10447,13,0
0,30,3,10,3,0,9,3,0,1,9667,14,0
0,26,2,20,3,1,6,3,1,2,2148,11,1
0,46,2,21,4,0,13,4,3,2,8926,22,1
0,40,4,1,3,0,12,3,0,3,6513,17,0
1,34,3,8,3,0,10,4,4,2,6799,21,0
1,58,2,2,2,0,37,4,14,3,16291,22,0
1,35,3,23,4,0,6,3,0,2,2705,16,0
0,47,2,4,3,1,28,3,14,3,10333,12,0
0,40,1,12,3,0,15,3,7,3,4448,12,0
0,54,4,7,2,0,14,3,1,2,6854,15,0
0,31,1,7,3,0,9,3,2,2,9637,14,0
0,28,1,1,3,0,3,4,1,2,3591,25,0
0,38,4,2,2,1,20,4,0,2,5405,20,0
1,26,4,10,3,0,5,3,1,1,4684,13,0
1,58,3,15,3,1,23,3,2,2,15787,14,0
0,18,3,14,1,0,0,3,0,1,1514,16,0
1,31,1,18,3,0,2,3,0,2,2956,17,1
1,29,1,13,3,1,4,3,2,3,2335,15,1
0,45,3,2,4,0,10,4,5,2,5154,22,0
0,36,2,2,3,1,15,4,0,2,6962,22,0
1,43,4,2,3,0,7,4,7,2,5675,20,0
0,27,4,5,2,1,6,3,0,1,2379,14,0
1,29,4,20,4,0,11,3,3,2,3812,13,0
1,32,4,10,4,0,4,3,0,1,4648,13,0
1,42,3,10,2,0,10,4,3,2,2936,22,0
0,47,3,9,3,0,7,3,2,1,2105,12,0
1,46,4,2,2,0,12,3,4,3,8578,14,0
1,28,4,1,3,0,3,3,2,3,2706,15,0
1,29,3,29,3,0,11,3,1,3,6384,17,0
1,42,3,8,3,0,8,3,0,1,3968,13,0
1,32,2,2,2,1,7,3,2,1,9907,12,1
0,46,1,3,3,0,25,3,2,3,13225,12,0
0,27,3,23,3,0,9,4,5,2,3540,21,0
1,29,2,6,3,0,1,3,0,2,2804,11,0
0,43,3,6,3,0,21,3,6,2,19392,13,0
1,48,2,10,3,0,29,3,12,2,19665,12,0
1,29,4,24,2,1,1,4,1,1,2439,24,1
0,46,2,10,3,0,14,4,0,2,7314,21,1
0,27,1,15,2,0,8,3,7,2,4774,19,0
1,39,4,19,3,0,7,3,2,3,3902,14,0
1,55,4,2,4,0,19,4,0,2,2662,20,0
0,28,2,3,3,0,1,3,0,2,2856,19,0
1,30,4,9,2,0,1,3,0,1,1081,13,1
1,22,2,7,3,1,1,4,0,1,2472,23,1
0,36,3,10,3,1,10,3,1,2,5673,13,0
1,31,3,20,3,0,10,3,0,3,4197,11,0
1,34,4,4,3,1,9,3,1,2,9713,13,0
1,29,1,7,3,0,11,3,1,1,2062,14,0
1,37,1,7,3,1,16,4,0,2,4284,22,0
0,35,2,16,3,1,4,3,0,2,4788,11,0
0,45,4,25,2,0,10,3,3,2,5906,13,0
1,36,4,2,2,0,10,4,0,1,3886,21,0
1,40,1,1,3,0,22,3,11,3,16823,11,0
0,26,3,1,2,1,1,3,1,2,2933,13,0
0,27,3,2,2,0,9,3,0,1,6500,14,0
0,48,4,22,3,0,24,3,4,3,17174,11,0
1,44,1,1,3,0,10,3,2,2,5033,15,0
1,34,1,16,3,1,5,4,3,2,2307,23,1
1,56,4,24,3,0,5,3,1,1,2587,16,1
1,36,2,17,1,0,12,3,1,2,5507,16,0
0,41,2,8,3,0,14,4,1,2,4393,21,0
1,42,1,6,4,0,18,3,5,2,13348,13,0
0,31,4,10,3,1,8,3,1,3,6583,11,0
0,34,4,3,2,1,9,3,0,2,8103,12,0
0,31,3,4,2,0,4,3,2,3,3978,12,0
1,26,4,6,3,0,8,3,7,2,2544,18,0
1,45,3,1,3,0,12,3,0,1,5399,12,0
1,33,3,10,2,0,10,3,0,1,5487,14,0
1,28,4,1,3,1,7,3,0,2,6834,12,0
1,29,1,24,3,0,1,3,0,1,1091,17,1
0,39,3,21,3,0,10,3,1,2,5736,19,0
1,27,2,2,2,0,6,3,1,2,2226,11,0
1,34,4,22,3,1,16,3,6,2,5747,15,0
0,28,3,13,3,1,6,3,2,1,9854,11,1
1,47,2,14,4,0,16,3,1,2,5467,18,0
0,56,1,11,3,0,6,3,0,2,5380,16,0
1,39,1,9,3,0,10,4,7,2,5151,25,0
0,38,2,8,3,1,20,3,0,3,2133,16,0
0,58,4,21,2,1,29,3,0,2,17875,13,0
0,32,3,5,3,1,8,3,0,1,2432,14,1
1,38,4,9,4,0,10,3,0,3,4771,19,0
1,49,4,2,3,0,28,3,4,2,19161,15,0
1,42,4,12,3,1,14,3,0,3,5087,12,0
0,27,2,22,3,0,1,3,0,2,2863,12,1
1,35,1,18,1,0,6,3,0,2,5561,16,0
1,28,3,16,2,0,5,3,1,1,2144,14,0
1,31,1,3,4,1,4,3,2,3,3065,13,0
1,36,2,9,3,0,5,4,0,2,2810,22,0
1,34,4,1,2,0,14,4,2,1,9888,21,0
1,34,3,13,2,0,9,3,1,3,8628,18,0
1,26,1,1,2,0,8,3,7,1,2867,13,0
1,29,1,1,2,0,6,3,0,2,5373,12,0
0,32,4,15,3,0,9,3,1,3,6667,18,0
1,31,1,1,3,0,10,4,8,2,5003,21,0
1,28,4,17,2,0,6,3,0,3,2367,12,1
1,38,1,1,2,0,20,3,0,1,2858,14,0
0,35,4,7,3,1,10,3,0,2,5204,11,0
1,27,4,9,3,0,7,3,0,1,4105,14,0
1,32,4,5,3,0,8,4,0,1,9679,24,0
1,31,4,26,3,1,10,3,0,2,5617,11,1
1,53,1,24,2,1,15,3,2,1,10448,13,1
0,54,3,9,2,0,9,3,2,2,2897,11,0
1,33,3,7,3,0,9,4,2,3,5968,20,0
1,43,3,11,3,0,10,3,0,2,7510,17,0
1,38,2,1,3,1,7,3,1,2,2991,11,0
1,55,2,26,3,1,35,3,1,2,19636,18,0
0,31,4,2,3,1,1,3,0,3,1129,11,0
1,39,1,15,3,0,21,3,11,1,13341,12,0
1,42,3,23,3,0,20,3,3,1,4332,12,0
0,31,3,10,4,0,13,4,4,2,11031,20,0
0,54,1,10,3,1,9,3,1,1,4440,19,0
1,24,3,1,2,0,4,3,1,1,4617,12,0
1,23,4,12,4,0,5,3,1,1,2647,13,0
0,40,3,11,4,0,10,3,9,2,6323,11,0
0,40,2,2,3,0,15,3,5,2,5677,14,0
0,25,2,2,3,0,6,3,1,2,2187,14,0
1,30,2,1,2,0,12,3,1,2,3748,13,0
1,25,3,2,2,1,7,3,0,3,3977,19,0
1,47,3,25,3,0,25,4,12,1,8633,23,0
1,33,3,1,2,0,1,3,0,3,2008,12,0
1,38,2,1,3,0,16,3,5,2,4440,15,0
1,31,3,2,3,0,3,3,1,2,3067,19,0
1,38,3,6,3,0,10,3,7,2,5321,11,0
1,42,1,18,2,1,9,3,1,3,5410,17,0
1,41,4,1,3,0,12,4,1,2,2782,22,0
0,47,2,1,1,0,14,3,5,2,11957,18,0
1,35,3,11,3,1,5,3,2,2,2660,11,0
1,22,3,1,4,0,4,3,1,1,3375,12,0
1,35,3,9,3,0,10,3,0,1,5098,19,0
0,33,4,15,3,1,10,3,8,2,4878,13,0
0,32,2,29,3,0,6,3,4,1,2837,13,0
1,40,4,1,2,0,8,3,0,2,2406,19,0
1,32,2,1,3,0,3,3,2,2,2269,14,0
1,39,4,24,3,0,18,3,1,1,4108,13,0
0,38,3,10,3,0,20,3,1,2,13206,12,0
0,32,4,1,3,0,14,3,5,2,10422,19,0
0,37,4,10,3,1,16,4,6,2,13744,25,0
0,25,3,8,2,1,6,4,0,3,4907,22,0
1,52,4,29,2,0,16,3,0,3,3482,15,0
1,44,4,1,3,1,6,3,1,1,2436,12,0
1,21,1,5,3,1,2,3,1,1,2380,11,0
1,39,4,9,2,0,21,3,1,1,19431,13,0
1,23,1,9,2,0,1,3,1,2,1790,19,1
0,36,4,3,3,0,10,3,3,2,7644,19,0
0,36,2,4,3,0,18,3,0,3,5131,13,0
1,56,3,1,2,0,13,4,1,3,6306,21,0
1,29,4,1,4,1,4,3,2,2,4787,14,1
1,42,3,2,2,0,24,3,4,2,18880,11,0
1,56,3,7,1,0,14,3,9,2,2339,11,1
0,41,2,28,3,0,21,4,0,2,13570,23,0
0,34,3,28,3,0,8,4,1,2,6712,21,0
1,36,4,15,2,0,15,4,11,3,5406,24,0
1,41,2,3,3,0,14,3,0,3,8938,11,0
1,32,1,2,3,0,4,3,1,1,2439,14,0
0,35,4,26,3,1,9,3,1,1,8837,16,0
0,38,4,10,3,0,10,3,1,2,5343,11,0
1,50,3,1,3,0,12,3,0,3,6728,12,1
0,36,4,11,2,0,8,3,0,2,6652,13,0
0,45,3,20,3,0,8,3,0,1,4850,15,0
1,40,3,2,3,0,8,3,2,1,2809,14,0
1,35,3,18,4,1,10,3,0,2,5689,14,0
0,40,3,2,3,0,20,3,0,2,2001,14,0
0,35,4,1,3,0,4,3,1,2,2977,12,0
1,29,2,13,3,1,10,3,0,2,4025,13,0
0,29,1,28,1,0,5,3,0,1,3785,14,0
1,50,1,28,3,1,20,3,2,3,10854,13,1
0,39,4,24,2,0,21,3,9,2,12031,11,0
1,31,1,5,3,0,10,3,1,1,9936,19,0
0,26,3,5,3,0,5,3,0,1,2966,18,0
1,36,4,23,3,0,17,3,0,2,2571,17,0
1,39,1,6,3,0,9,3,1,2,9991,15,0
1,27,2,4,3,1,6,4,0,2,6142,20,0
1,49,2,2,2,0,17,3,0,2,5390,14,0
1,34,3,8,4,0,6,3,1,2,4404,12,0
